{
  "CallerReference": "abuts-fit-$(date +%s)",
  "Comment": "CloudFront distribution for abuts.fit",
  "Aliases": {
    "Quantity": 1,
    "Items": ["abuts.fit"]
  },
  "DefaultRootObject": "index.html",
  "Origins": {
    "Quantity": 1,
    "Items": [
      {
        "Id": "S3-abuts-fit",
        "DomainName": "abuts.fit.s3-website.ap-south-1.amazonaws.com",
        "CustomOriginConfig": {
          "HTTPPort": 80,
          "HTTPSPort": 443,
          "OriginProtocolPolicy": "http-only"
        }
      }
    ]
  },
  "DefaultCacheBehavior": {
    "TargetOriginId": "S3-abuts-fit",
    "ViewerProtocolPolicy": "redirect-to-https",
    "TrustedSigners": {
      "Enabled": false,
      "Quantity": 0
    },
    "ForwardedValues": {
      "QueryString": false,
      "Cookies": {
        "Forward": "none"
      }
    },
    "MinTTL": 0
  },
  "ViewerCertificate": {
    "ACMCertificateArn": "arn:aws:acm:us-east-1:106055905364:certificate/1d56708e-e803-4b78-87e1-b0546b2380fc",
    "SSLSupportMethod": "sni-only",
    "MinimumProtocolVersion": "TLSv1.2_2021"
  },
  "Enabled": true
}
